ID,First Name,Last Name,Gender,Email,Card Number
1,Adelaide,Cunningham,Female,a.cunningham@randatmail.com,1-13
2,Charlie,Roberts,Male,c.roberts@randatmail.com,2-22
3,Eric,Cooper,Male,e.cooper@randatmail.com,3-33
4,Cadie,Hall,Female,c.hall@randatmail.com,4-43
5,Darcy,Howard,Female,d.howard@randatmail.com,5-52
6,Connie,West,Female,c.west@randatmail.com,6-61
7,Lyndon,Ellis,Male,l.ellis@randatmail.com,7-72
8,Amy,Hamilton,Female,a.hamilton@randatmail.com,8-82
9,Kelvin,Wilson,Male,k.wilson@randatmail.com,9-93
10,Arianna,Watson,Female,a.watson@randatmail.com,0
11,Lydia,Farrell,Female,l.farrell@randatmail.com,11-13
12,Ada,Harris,Female,a.harris@randatmail.com,12-22
13,Sarah,Wilson,Female,s.wilson@randatmail.com,13-31
14,Nicole,Phillips,Female,n.phillips@randatmail.com,14-43
15,Maddie,Anderson,Female,m.anderson@randatmail.com,15-53
16,Brad,Alexander,Male,b.alexander@randatmail.com,16-61
17,Lucia,Spencer,Female,l.spencer@randatmail.com,17-72
18,Freddie,Ellis,Male,f.ellis@randatmail.com,18-83
19,Hailey,Moore,Female,h.moore@randatmail.com,19-92
20,Kelsey,Morrison,Female,k.morrison@randatmail.com,20-2
21,Elise,Russell,Female,e.russell@randatmail.com,21-13
22,Mike,Crawford,Male,m.crawford@randatmail.com,22-23
23,Amy,Murray,Female,a.murray@randatmail.com,23-32
24,Amanda,Gray,Female,a.gray@randatmail.com,24-42
25,Myra,Morgan,Female,m.morgan@randatmail.com,25-51
26,Miley,Rogers,Female,m.rogers@randatmail.com,26-63
27,Kate,Morrison,Female,k.morrison@randatmail.com,27-72
28,Luke,Craig,Male,l.craig@randatmail.com,28-81
29,Michael,Miller,Male,m.miller@randatmail.com,29-92
30,Paige,Elliott,Female,p.elliott@randatmail.com,30-1
31,Gianna,Warren,Female,g.warren@randatmail.com,31-13
32,Lydia,Campbell,Female,l.campbell@randatmail.com,32-22
33,Anna,Barrett,Female,a.barrett@randatmail.com,33-32
34,Connie,Phillips,Female,c.phillips@randatmail.com,34-43
35,Briony,Mason,Female,b.mason@randatmail.com,35-51
36,Lucy,Morrison,Female,l.morrison@randatmail.com,36-63
37,Deanna,Higgins,Female,d.higgins@randatmail.com,37-71
38,David,Richards,Male,d.richards@randatmail.com,38-83
39,Ada,Brown,Female,a.brown@randatmail.com,39-92
40,Maria,Thomas,Female,m.thomas@randatmail.com,40-2
41,Fiona,Walker,Female,f.walker@randatmail.com,41-12
42,Alisa,Harris,Female,a.harris@randatmail.com,42-22
43,Kate,Harris,Female,k.harris@randatmail.com,43-31
44,Cadie,Roberts,Female,c.roberts@randatmail.com,44-42
45,Ryan,Montgomery,Male,r.montgomery@randatmail.com,45-51
46,Henry,Henderson,Male,h.henderson@randatmail.com,46-62
47,Sabrina,West,Female,s.west@randatmail.com,47-73
48,Adison,Murphy,Male,a.murphy@randatmail.com,48-83
49,Adison,Ellis,Male,a.ellis@randatmail.com,49-91
50,Adrianna,Walker,Female,a.walker@randatmail.com,50-3
51,Miranda,Hill,Female,m.hill@randatmail.com,51-12
52,Jasmine,Tucker,Female,j.tucker@randatmail.com,52-21
53,Jack,Alexander,Male,j.alexander@randatmail.com,53-33
54,David,Lloyd,Male,d.lloyd@randatmail.com,54-42
55,Sofia,Montgomery,Female,s.montgomery@randatmail.com,55-52
56,Alisa,Wilson,Female,a.wilson@randatmail.com,56-62
57,Deanna,Richardson,Female,d.richardson@randatmail.com,0
58,Sydney,Miller,Female,s.miller@randatmail.com,58-82
59,Spike,Jones,Male,s.jones@randatmail.com,59-92
60,Ashton,Barrett,Male,a.barrett@randatmail.com,60-3
61,Reid,Kelley,Male,r.kelley@randatmail.com,61-12
62,Ellia,Smith,Female,e.smith@randatmail.com,62-22
63,Jacob,Wright,Male,j.wright@randatmail.com,63-32
64,Darcy,Morris,Female,d.morris@randatmail.com,64-41
65,Naomi,Johnson,Female,n.johnson@randatmail.com,65-51
66,Reid,Richardson,Male,r.richardson@randatmail.com,66-62
67,Daryl,Foster,Male,d.foster@randatmail.com,67-72
68,Adam,Carter,Male,a.carter@randatmail.com,68-83
69,Abraham,Cooper,Male,a.cooper@randatmail.com,69-92
70,Heather,Riley,Female,h.riley@randatmail.com,70-1
71,Miller,Cameron,Male,m.cameron@randatmail.com,71-13
72,Deanna,Myers,Female,d.myers@randatmail.com,72-22
73,Stuart,Andrews,Male,s.andrews@randatmail.com,73-33
74,Oscar,Ferguson,Male,o.ferguson@randatmail.com,74-42
75,Amelia,Morgan,Female,a.morgan@randatmail.com,75-53
76,Tiana,Russell,Female,t.russell@randatmail.com,76-63
77,Myra,Martin,Female,m.martin@randatmail.com,77-73
78,Lucy,Richards,Female,l.richards@randatmail.com,78-82
79,Jack,Evans,Male,j.evans@randatmail.com,79-91
80,Catherine,Ferguson,Female,c.ferguson@randatmail.com,80-3
81,Bruce,Hunt,Male,b.hunt@randatmail.com,81-12
82,Tony,Moore,Male,t.moore@randatmail.com,82-22
83,Alissa,Payne,Female,a.payne@randatmail.com,83-31
84,Arthur,Anderson,Male,a.anderson@randatmail.com,0
85,Aldus,Carroll,Male,a.carroll@randatmail.com,85-53
86,Paige,Andrews,Female,p.andrews@randatmail.com,86-61
87,Melanie,Cameron,Female,m.cameron@randatmail.com,87-71
88,Adele,Barnes,Female,a.barnes@randatmail.com,88-82
89,Adam,Elliott,Male,a.elliott@randatmail.com,89-91
90,Adam,Farrell,Male,a.farrell@randatmail.com,90-1
91,William,Lloyd,Male,w.lloyd@randatmail.com,91-13
92,Victor,Ferguson,Male,v.ferguson@randatmail.com,92-23
93,Alan,Phillips,Male,a.phillips@randatmail.com,93-32
94,George,Allen,Male,g.allen@randatmail.com,94-43
95,Jared,Hill,Male,j.hill@randatmail.com,95-51
96,Catherine,Myers,Female,c.myers@randatmail.com,96-61
97,Alexia,Robinson,Female,a.robinson@randatmail.com,97-72
98,Lucia,Miller,Female,l.miller@randatmail.com,98-81
99,Abraham,Mason,Male,a.mason@randatmail.com,99-91
100,Connie,Gibson,Female,c.gibson@randatmail.com,100-3
101,Abigail,Lloyd,Female,a.lloyd@randatmail.com,101-11
102,Miranda,Richardson,Female,m.richardson@randatmail.com,102-21
103,Alen,Murphy,Male,a.murphy@randatmail.com,103-32
104,Arthur,Andrews,Male,a.andrews@randatmail.com,104-43
105,Clark,Stewart,Male,c.stewart@randatmail.com,105-53
106,Abigail,Myers,Female,a.myers@randatmail.com,106-63
107,Briony,Edwards,Female,b.edwards@randatmail.com,107-73
108,Sophia,Russell,Female,s.russell@randatmail.com,108-82
109,Jenna,Clark,Female,j.clark@randatmail.com,0
110,Maria,Crawford,Female,m.crawford@randatmail.com,110-1
111,Arthur,Wells,Male,a.wells@randatmail.com,111-12
112,Abraham,Armstrong,Male,a.armstrong@randatmail.com,112-21
113,Samantha,Mason,Female,s.mason@randatmail.com,113-32
114,Rubie,Thompson,Female,r.thompson@randatmail.com,114-43
115,Sabrina,Foster,Female,s.foster@randatmail.com,115-52
116,Miranda,Howard,Female,m.howard@randatmail.com,116-61
117,Valeria,Montgomery,Female,v.montgomery@randatmail.com,117-72
118,Aldus,Carter,Male,a.carter@randatmail.com,118-81
119,Frederick,Evans,Male,f.evans@randatmail.com,119-91
120,Eleanor,Douglas,Female,e.douglas@randatmail.com,120-1
121,Wilson,Higgins,Male,w.higgins@randatmail.com,121-11
122,Paige,Kelley,Female,p.kelley@randatmail.com,122-23
123,Amber,Brooks,Female,a.brooks@randatmail.com,123-31
124,Preston,Payne,Male,p.payne@randatmail.com,124-42
125,Ashton,Hill,Male,a.hill@randatmail.com,125-51
126,Madaline,Roberts,Female,m.roberts@randatmail.com,126-62
127,Lucy,Richardson,Female,l.richardson@randatmail.com,127-72
128,Aiden,Moore,Male,a.moore@randatmail.com,128-83
129,Mary,Ellis,Female,m.ellis@randatmail.com,129-92
130,Joyce,Baker,Female,j.baker@randatmail.com,130-3
131,Miller,Moore,Male,m.moore@randatmail.com,131-11
132,Michelle,Morrison,Female,m.morrison@randatmail.com,132-22
133,Sydney,Taylor,Female,s.taylor@randatmail.com,133-32
134,Jacob,Cooper,Male,j.cooper@randatmail.com,134-41
135,Harold,Myers,Male,h.myers@randatmail.com,135-52
136,Justin,Montgomery,Male,j.montgomery@randatmail.com,136-62
137,Justin,Thompson,Male,j.thompson@randatmail.com,137-73
138,Daryl,Watson,Male,d.watson@randatmail.com,138-83
139,Tara,Barrett,Female,t.barrett@randatmail.com,0
140,Arianna,Barnes,Female,a.barnes@randatmail.com,140-3
141,Kirsten,Harper,Female,k.harper@randatmail.com,141-13
142,Valeria,Barnes,Female,v.barnes@randatmail.com,142-21
143,Chloe,Barnes,Female,c.barnes@randatmail.com,143-33
144,Alexia,Moore,Female,a.moore@randatmail.com,144-43
145,Roman,Hunt,Male,r.hunt@randatmail.com,145-51
146,Charlie,Higgins,Male,c.higgins@randatmail.com,146-62
147,Vanessa,Dixon,Female,v.dixon@randatmail.com,147-73
148,William,Warren,Male,w.warren@randatmail.com,148-81
149,Olivia,Alexander,Female,o.alexander@randatmail.com,149-93
150,Daniel,Foster,Male,d.foster@randatmail.com,150-2
151,Lydia,Robinson,Female,l.robinson@randatmail.com,151-12
152,Amelia,Moore,Female,a.moore@randatmail.com,152-22
153,Lucia,Morgan,Female,l.morgan@randatmail.com,153-33
154,Darcy,Wright,Female,d.wright@randatmail.com,154-43
155,Dainton,Chapman,Male,d.chapman@randatmail.com,155-52
156,Penelope,Roberts,Female,p.roberts@randatmail.com,156-63
157,Kellan,Mason,Male,k.mason@randatmail.com,157-72
158,Owen,Ferguson,Male,o.ferguson@randatmail.com,158-83
159,Elise,Walker,Female,e.walker@randatmail.com,159-93
160,David,Hamilton,Male,d.hamilton@randatmail.com,0
161,Dominik,Gray,Male,d.gray@randatmail.com,161-12
162,Violet,Thomas,Female,v.thomas@randatmail.com,162-23
163,Aston,Crawford,Male,a.crawford@randatmail.com,163-31
164,Rebecca,Morris,Female,r.morris@randatmail.com,164-43
165,Connie,Campbell,Female,c.campbell@randatmail.com,165-51
166,Charlie,Elliott,Male,c.elliott@randatmail.com,166-63
167,Alissa,Ferguson,Female,a.ferguson@randatmail.com,167-71
168,Jasmine,Davis,Female,j.davis@randatmail.com,168-83
169,Aida,Harrison,Female,a.harrison@randatmail.com,169-93
170,Marcus,Davis,Male,m.davis@randatmail.com,170-2
171,Walter,Craig,Male,w.craig@randatmail.com,171-13
172,Lucas,Howard,Male,l.howard@randatmail.com,172-22
173,Isabella,Miller,Female,i.miller@randatmail.com,173-31
174,Rubie,Allen,Female,r.allen@randatmail.com,174-41
175,Kelsey,Spencer,Female,k.spencer@randatmail.com,175-52
176,Dainton,Parker,Male,d.parker@randatmail.com,176-63
177,Kevin,Adams,Male,k.adams@randatmail.com,177-73
178,Derek,Campbell,Male,d.campbell@randatmail.com,178-82
179,James,Richardson,Male,j.richardson@randatmail.com,179-92
180,Roland,Johnson,Male,r.johnson@randatmail.com,180-2
181,Melissa,Walker,Female,m.walker@randatmail.com,181-12
182,William,Kelly,Male,w.kelly@randatmail.com,182-22
183,Melanie,Williams,Female,m.williams@randatmail.com,183-32
184,Martin,Morris,Male,m.morris@randatmail.com,184-42
185,Robert,Cunningham,Male,r.cunningham@randatmail.com,185-53
186,Albert,Roberts,Male,a.roberts@randatmail.com,0
187,Olivia,Cameron,Female,o.cameron@randatmail.com,187-73
188,Sienna,Bennett,Female,s.bennett@randatmail.com,188-81
189,Victoria,Howard,Female,v.howard@randatmail.com,189-91
190,William,West,Male,w.west@randatmail.com,190-1
191,Fiona,Alexander,Female,f.alexander@randatmail.com,191-13
192,Kristian,Walker,Male,k.walker@randatmail.com,192-22
193,Naomi,Higgins,Female,n.higgins@randatmail.com,193-31
194,Stuart,Mason,Male,s.mason@randatmail.com,194-43
195,Brad,Jones,Male,b.jones@randatmail.com,195-53
196,Alexander,Cooper,Male,a.cooper@randatmail.com,196-63
197,Ned,Ryan,Male,n.ryan@randatmail.com,197-72
198,Audrey,Murray,Female,a.murray@randatmail.com,0
199,Caroline,Anderson,Female,c.anderson@randatmail.com,199-91
200,Marcus,Parker,Male,m.parker@randatmail.com,200-2
